episode,reward
0,129567.1
1,130809.5
2,107247.0
3,108331.3
4,124703.0
5,109424.8
6,125910.7
7,116955.4
8,115699.9
9,131152.5
10,132030.2
11,122762.4
12,138552.0
13,129941.4
14,123030.1
15,136598.3
16,130045.9
17,132244.2
18,127838.0
19,133650.6
20,110449.09999999999
21,137805.5
22,146206.2
23,123570.29999999999
24,123213.9
25,126686.0
26,128664.0
27,118844.9
28,135194.1
29,141456.0
30,136995.0
31,116302.0
32,144949.0
33,145238.6
34,127051.0
35,127247.4
36,126025.4
37,124134.9
38,134288.2
39,142998.0
40,138984.3
41,129124.70000000001
42,126024.4
43,126554.9
44,138756.7
45,136062.6
46,127423.00000000001
47,126731.0
48,147612.2
49,130956.6
50,138799.0
51,119146.1
52,127219.5
53,138047.6
54,144249.0
55,138894.9
56,137600.3
57,123107.1
58,135015.2
59,141077.0
60,140817.5
61,147350.5
62,136302.7
63,135220.3
64,130005.90000000001
65,137517.7
66,140026.4
67,125390.4
68,133717.6
69,122612.79999999999
70,140367.30000000002
71,135764.9
72,134198.6
73,146152.0
74,134109.40000000002
75,138777.19999999998
76,140554.6
77,138545.2
78,148331.1
79,134257.6
80,138927.6
81,142516.0
82,127912.6
83,154431.6
84,138923.0
85,134231.69999999998
86,134654.69999999998
87,134244.7
88,132948.4
89,138283.6
90,128447.70000000001
91,146965.7
92,133842.2
93,146123.4
94,138022.0
95,137366.4
96,127259.8
97,134000.6
98,143801.0
99,144873.0
100,132293.1
101,138694.80000000002
102,142602.0
103,145840.0
104,146808.0
105,133536.0
106,144666.7
107,152457.1
108,124832.99999999999
109,133201.8
110,145676.0
111,140921.80000000002
112,130919.70000000001
113,133617.0
114,142636.0
115,136450.0
116,140600.0
117,138420.7
118,133866.0
119,143679.0
120,133164.5
121,138106.8
122,145379.0
123,137976.7
124,145616.0
125,127856.8
126,126490.29999999999
127,134394.0
128,122376.0
129,142526.0
130,124674.0
131,149418.7
132,139690.9
133,136467.0
134,126279.0
135,140963.0
136,136722.6
137,137680.5
138,143892.4
139,138930.0
140,125954.0
141,128663.0
142,146154.0
143,145708.0
144,144729.1
145,140439.0
146,139850.8
147,134922.2
148,137644.0
149,139671.0
150,136463.6
151,148989.0
152,131570.7
153,120525.9
154,144357.6
155,140563.2
156,140201.0
157,131356.8
158,128286.29999999999
159,145412.0
160,138153.2
161,142181.5
162,146969.0
163,139914.6
164,132788.4
165,140374.0
166,150312.0
167,138138.9
168,139246.6
169,147960.19999999998
170,147182.0
171,156719.0
172,145966.0
173,134003.0
174,150871.5
175,144101.5
176,142221.0
177,148879.1
178,145920.0
179,146486.9
180,141635.59999999998
181,140337.3
182,131414.8
183,139327.8
184,146555.0
185,143198.0
186,148667.19999999998
187,150829.09999999998
188,134753.3
189,143106.0
190,147919.0
191,135623.0
192,158851.0
193,147533.0
194,156224.0
195,144175.0
196,143006.0
197,143420.2
198,140173.3
199,148574.0
200,139112.0
201,156134.0
202,156840.09999999998
203,148103.2
204,142471.0
205,145195.0
206,132779.0
207,137819.2
208,150587.3
209,136116.2
210,143535.80000000002
211,145147.80000000002
212,146211.6
213,149230.0
214,140788.9
215,136220.6
216,147461.7
217,153115.30000000002
218,139403.0
219,160807.0
220,147700.2
221,148465.6
222,155482.0
223,136202.7
224,151390.4
225,157351.9
226,142988.8
227,147250.1
228,146999.6
229,154116.69999999998
230,143268.8
231,146981.2
232,154010.0
233,132063.0
234,148551.0
235,137307.1
236,147495.4
237,154452.6
238,140367.0
239,147933.0
240,143582.19999999998
241,159707.5
242,154506.7
243,132111.49999999997
244,147083.09999999998
245,143213.30000000002
246,154360.0
247,145179.0
248,145793.3
249,136053.0
250,151530.59999999998
251,147505.0
252,141022.0
253,149281.6
254,143332.0
255,151917.0
256,148620.9
257,145816.0
258,132689.30000000002
259,146657.0
260,154871.0
261,145786.5
262,150632.5
263,151786.0
264,135443.4
265,142134.0
266,154895.0
267,139275.0
268,142800.0
269,147962.5
270,143844.7
271,127363.20000000001
272,147491.2
273,142500.4
274,137295.4
275,151767.9
276,143406.6
277,152592.0
278,141171.1
279,143785.4
280,143743.3
281,139073.0
282,135079.6
283,147105.0
284,159122.0
285,149581.7
286,144834.0
287,152704.0
288,153974.0
289,135592.0
290,132965.8
291,142992.9
292,144477.0
293,135335.0
294,146764.0
295,143787.0
296,138329.0
297,139912.7
298,148726.0
299,144803.0
300,146725.0
301,147595.6
302,153844.0
303,152978.0
304,156595.0
305,144718.0
306,151329.0
307,143913.0
308,143018.6
309,144236.19999999998
310,141539.0
311,146916.5
312,146766.6
313,153606.0
314,150024.0
315,119376.5
316,144059.6
317,143382.0
318,143513.3
319,143075.0
320,151173.0
321,148046.0
322,156538.0
323,154602.0
324,145045.0
325,143115.0
326,136269.0
327,134262.0
328,141827.1
329,137696.0
330,138328.0
331,129718.0
332,124786.70000000001
333,126958.70000000001
334,144612.30000000002
335,152300.6
336,149412.8
337,142954.6
338,139455.6
339,134548.5
340,143306.4
341,139405.0
342,147747.4
343,140820.30000000002
344,129042.0
345,138291.0
346,144508.59999999998
347,143129.9
348,141950.4
349,150527.4
350,136186.5
351,136110.6
352,148937.5
353,133503.4
354,145028.2
355,153205.9
356,147500.90000000002
357,147441.69999999998
358,150352.7
359,142961.9
360,144310.40000000002
361,155549.6
362,140372.09999999998
363,151575.6
364,143510.2
365,148216.2
366,139010.09999999998
367,156157.2
368,146385.5
369,149956.6
370,142074.0
371,152040.6
372,150005.09999999998
373,141722.80000000002
374,155290.19999999998
375,157570.7
376,160208.19999999998
377,152477.3
378,145004.30000000002
379,159803.40000000002
380,156766.3
381,131276.5
382,154450.9
383,150209.1
384,149779.7
385,136040.0
386,145162.0
387,148486.1
388,131480.1
389,147049.3
390,144093.60000000003
391,147172.9
392,155344.30000000005
393,152252.0
394,150505.19999999998
395,151952.49999999997
396,136052.2
397,150530.0
398,144939.0
399,150317.0
400,149819.4
401,133781.0
402,149401.0
403,145868.0
404,142028.0
405,156369.1
406,145716.9
407,143343.6
408,146674.2
409,156037.0
410,139715.30000000002
411,136340.0
412,132864.5
413,157021.0
414,142030.0
415,158844.0
416,158383.6
417,146492.0
418,149193.0
419,142702.0
420,138896.4
421,146152.0
422,134684.0
423,149623.0
424,159755.6
425,144412.59999999998
426,159405.4
427,154185.9
428,157343.4
429,145432.1
430,146263.8
431,167606.09999999998
432,144713.8
433,151828.0
434,142859.6
435,146757.2
436,159186.09999999998
437,153926.2
438,142417.6
439,148931.4
440,157815.2
441,153928.0
442,159515.8
443,141442.7
444,139957.19999999998
445,155045.0
446,145849.80000000002
447,143712.30000000002
448,146935.19999999998
449,152426.5
450,151681.0
451,149872.19999999998
452,151322.3
453,154017.1
454,156223.9
455,151841.5
456,151946.9
457,143299.4
458,152058.8
459,144181.80000000002
460,144201.5
461,132791.7
462,155904.59999999998
463,140645.8
464,144269.9
465,140556.80000000002
466,147506.30000000002
467,151506.80000000002
468,151084.5
469,153510.6
470,155185.8
471,154223.90000000002
472,154504.5
473,145993.6
474,150552.9
475,155910.1
476,152192.30000000002
477,158614.19999999998
478,163014.19999999998
479,157712.6
480,150555.7
481,145222.6
482,161415.0
483,158216.8
484,147996.7
485,161812.5
486,163641.0
487,142905.0
488,155684.0
489,142256.5
490,152911.5
491,155460.0
492,154507.0
493,164244.0
494,149816.0
495,160841.0
496,153276.0
497,153597.0
498,160949.4
499,151691.0
500,153847.0
501,148764.0
502,146821.0
503,149052.0
504,157932.0
505,156408.0
506,152712.0
507,141399.0
508,158652.0
509,156770.0
510,151700.8
511,156210.0
512,151081.8
513,151863.0
514,158652.0
515,149290.0
516,152460.3
517,153868.0
518,151679.0
519,159725.0
520,155210.0
521,150606.0
522,155375.0
523,148541.0
524,156841.0
525,144004.0
526,151178.0
527,146900.0
528,143671.6
529,151217.8
530,153935.7
531,164684.7
532,159588.80000000002
533,153163.9
534,144601.0
535,152463.0
536,161505.4
537,143183.0
538,126795.19999999997
539,132327.7
540,149115.0
541,134699.1
542,147522.1
543,148897.0
544,161838.0
545,161388.0
546,150961.5
547,146580.4
548,149093.8
549,161800.80000000002
550,151525.59999999998
551,149795.4
552,149941.1
553,143327.6
554,157438.0
555,147837.6
556,146878.19999999998
557,156172.9
558,153714.5
559,152115.40000000002
560,143426.0
561,148862.90000000002
562,163676.8
563,150759.3
564,143151.0
565,152978.0
566,148451.9
567,164422.59999999998
568,149047.6
569,149492.3
570,149245.49999999997
571,152538.69999999998
572,156092.8
573,163311.00000000003
574,152602.7
575,154823.4
576,158990.59999999998
577,155761.80000000002
578,149736.3
579,154787.1
580,152637.4
581,163376.8
582,149295.89999999997
583,149326.89999999997
584,153890.5
585,147609.0
586,141665.6
587,151598.19999999998
588,138522.7
589,156258.0
590,166711.8
591,160473.0
592,161825.9
593,152993.5
594,153229.9
595,157661.9
596,141347.5
597,159018.8
598,155379.4
599,152826.8
600,146213.8
601,155443.7
602,149311.8
603,151547.9
604,149937.19999999998
605,151469.1
606,154388.0
607,161232.0
608,163090.8
609,166779.0
610,152674.69999999998
611,154995.5
612,150770.0
613,154670.59999999998
614,160047.8
615,155611.3
616,151455.89999999997
617,152540.7
618,149757.69999999998
619,154527.99999999997
620,168309.8
621,148091.49999999997
622,142953.90000000002
623,164168.0
624,157304.5
625,141523.69999999998
626,154547.2
627,156039.5
628,151418.6
629,163127.7
630,156513.8
631,143795.1
632,145717.5
633,144992.6
634,157395.4
635,161469.1
636,152073.7
637,152348.99999999997
638,138345.6
639,156390.6
640,154380.9
641,152576.30000000002
642,159623.59999999998
643,155530.4
644,152821.69999999998
645,147082.5
646,157742.2
647,143035.8
648,152188.4
649,148340.1
650,156243.7
651,157853.09999999998
652,150200.8
653,154682.9
654,159178.1
655,151621.80000000002
656,152589.80000000002
657,149076.30000000002
658,149631.30000000002
659,164223.59999999998
660,147166.1
661,163647.1
662,152005.99999999997
663,143133.8
664,153784.4
665,158701.4
666,151703.8
667,144735.2
668,134165.2
669,155775.5
670,156260.50000000003
671,144840.30000000002
672,159023.69999999998
673,140766.8
674,160968.5
675,141962.0
676,147961.3
677,153178.9
678,149694.6
679,135588.6
680,147729.19999999998
681,146122.0
682,163695.7
683,146911.9
684,143445.4
685,148824.90000000002
686,150016.9
687,142063.4
688,151579.2
689,156019.2
690,150947.1
691,160307.4
692,151496.50000000003
693,139344.2
694,135887.0
695,147521.3
696,149870.3
697,152945.0
698,153722.9
699,147789.4
700,150695.7
701,148744.19999999998
702,152935.3
703,156292.2
704,150448.6
705,143413.39999999997
706,151375.0
707,158453.0
708,147234.4
709,143410.69999999998
710,148222.40000000002
711,152485.5
712,149375.7
713,154217.6
714,154208.80000000002
715,147807.0
716,151532.30000000002
717,150355.6
718,153485.0
719,155127.80000000002
720,147128.1
721,151060.1
722,159275.0
723,147678.9
724,152993.6
725,153128.7
726,149881.09999999998
727,149984.60000000003
728,139448.7
729,141397.30000000002
730,144040.6
731,137402.6
732,150812.0
733,145029.30000000002
734,147511.3
735,136882.3
736,150387.5
737,156782.0
738,156727.3
739,165114.2
740,151894.0
741,149115.0
742,154254.7
743,146225.0
744,140242.5
745,139231.4
746,145643.9
747,149947.0
748,142167.4
749,154462.0
750,150644.6
751,145911.1
752,136104.5
753,135919.1
754,140667.2
755,138473.59999999998
756,154609.1
757,135047.5
758,149489.1
759,145948.0
760,147555.6
761,144586.6
762,145955.0
763,148858.0
764,162039.0
765,150634.0
766,157337.0
767,148099.0
768,155389.4
769,153021.0
770,151931.8
771,155831.9
772,148152.0
773,149624.2
774,160991.1
775,153956.0
776,136030.9
777,149879.7
778,148624.9
779,147270.0
780,158766.0
781,153199.0
782,156512.6
783,162140.1
784,149331.2
785,146692.9
786,161878.0
787,145010.0
788,145832.4
789,137853.7
790,152499.4
791,158610.2
792,155717.5
793,154075.6
794,146354.0
795,156717.5
796,152057.1
797,150843.8
798,159326.9
799,155905.4
800,151212.7
801,160411.0
802,148291.4
803,159024.1
804,158405.8
805,154338.6
806,160524.0
807,157666.1
808,157525.0
809,157175.6
810,153264.6
811,163409.7
812,158845.7
813,153605.3
814,152520.4
815,157435.0
816,161659.69999999998
817,151459.7
818,140515.40000000002
819,158580.7
820,149842.0
821,159167.4
822,143510.2
823,158779.7
824,144112.0
825,161247.9
826,149109.1
827,160611.3
828,142365.8
829,143407.9
830,154600.0
831,150194.40000000002
832,144608.4
833,151388.5
834,144161.5
835,140601.6
836,155511.0
837,156199.0
838,150626.0
839,143513.0
840,149928.80000000002
841,147053.4
842,146624.0
843,144770.3
844,148483.5
845,155344.3
846,153283.1
847,150571.9
848,154208.1
849,163414.3
850,156888.0
851,143429.8
852,145431.0
853,154427.6
854,156706.9
855,157019.8
856,138465.6
857,150362.5
858,155050.0
859,152910.3
860,143919.8
861,152283.8
862,142818.8
863,158950.0
864,146782.9
865,161980.0
866,155516.3
867,148184.0
868,157975.7
869,160395.2
870,144664.0
871,152726.8
872,144437.4
873,153536.9
874,152155.6
875,155572.2
876,150786.0
877,142585.9
878,153840.6
879,159119.0
880,161042.5
881,159040.0
882,139436.6
883,146729.0
884,150911.59999999998
885,151955.2
886,156175.0
887,148481.80000000002
888,151418.40000000002
889,149462.0
890,147421.9
891,152909.7
892,144688.0
893,154502.69999999998
894,155933.9
895,153517.5
896,166821.3
897,157926.5
898,157254.4
899,152041.5
900,159683.5
901,146435.0
902,152530.2
903,162990.0
904,144436.3
905,146482.0
906,158767.5
907,152503.3
908,151282.3
909,151122.0
910,155033.0
911,151631.9
912,144172.3
913,133814.4
914,158326.3
915,161841.5
916,152184.6
917,160303.0
918,174385.5
919,146307.5
920,141795.2
921,156066.0
922,152526.9
923,134200.3
924,157534.59999999998
925,162629.0
926,149343.1
927,150696.1
928,151964.1
929,156344.0
930,149111.0
931,153014.3
932,154412.0
933,164300.8
934,147105.00000000003
935,155457.6
936,155716.6
937,132050.6
938,154336.3
939,149437.5
940,156611.80000000002
941,139749.4
942,141557.19999999998
943,155977.6
944,134921.69999999998
945,135403.8
946,137920.80000000002
947,156192.6
948,146324.1
949,148593.8
950,131734.2
951,152943.1
952,143644.1
953,151112.0
954,143201.0
955,151551.5
956,149003.0
957,155271.2
958,148547.3
959,147352.0
960,146822.5
961,150730.0
962,156453.0
963,154968.0
964,167192.0
965,151293.0
966,138700.0
967,147478.0
968,156421.0
969,154953.7
970,164317.0
971,145270.0
972,149280.0
973,158034.0
974,147756.0
975,155410.0
976,156182.3
977,152992.0
978,150312.2
979,158874.0
980,150505.0
981,153052.0
982,150551.4
983,153792.0
984,152117.9
985,154844.0
986,149619.8
987,143558.0
988,144524.7
989,158483.0
990,146385.0
991,131938.0
992,161415.0
993,149311.0
994,154343.0
995,157776.0
996,150711.0
997,159071.0
998,154814.0
999,156303.3
1000,142858.0
1001,161434.7
1002,142510.5
1003,151375.0
1004,145940.0
1005,156085.5
1006,144876.0
1007,162232.5
1008,141536.3
1009,160636.0
1010,149415.4
1011,163503.0
1012,146588.5
1013,154378.0
1014,145716.5
1015,142383.0
1016,148341.2
1017,157996.0
1018,152092.8
1019,150138.2
1020,160565.0
1021,156934.0
1022,153572.5
1023,146491.0
1024,143056.0
1025,155047.0
1026,145941.0
1027,157055.0
1028,152767.5
1029,145132.0
1030,156459.7
1031,148933.9
1032,149099.8
1033,144138.9
1034,150978.6
1035,148832.19999999998
1036,152968.69999999998
1037,152156.2
1038,153798.0
1039,154766.6
1040,151441.6
1041,163491.0
1042,144129.3
1043,152558.1
1044,153737.0
1045,147601.0
1046,149602.9
1047,151386.7
1048,152604.0
1049,155415.0
1050,157602.0
1051,157877.9
1052,165473.7
1053,152908.0
1054,145771.1
1055,158849.0
1056,149924.8
1057,156373.6
1058,145502.7
1059,158184.4
1060,137810.0
1061,156453.0
1062,149153.1
1063,141828.6
1064,143574.2
1065,148747.7
1066,146346.69999999998
1067,150158.7
1068,156117.1
1069,159199.4
1070,146835.8
1071,162571.6
1072,140498.0
1073,152011.1
1074,160323.0
1075,156409.0
1076,149206.7
1077,146667.0
1078,153800.0
1079,142983.6
1080,146279.0
1081,155825.9
1082,143556.4
1083,152642.0
1084,146721.5
1085,159160.7
1086,158909.0
1087,158026.3
1088,155901.7
1089,152934.2
1090,158976.0
1091,154504.19999999998
1092,152074.8
1093,145253.09999999998
1094,156764.1
1095,145159.3
1096,148226.7
1097,158222.9
1098,168307.7
1099,160615.7
1100,159521.7
1101,155076.9
1102,168765.0
1103,153755.9
1104,150430.0
1105,153415.1
1106,152881.0
1107,151939.0
1108,157189.30000000002
1109,166840.4
1110,163280.8
1111,155376.30000000002
1112,159464.8
1113,155472.6
1114,151460.9
1115,142776.6
1116,140131.0
1117,152886.0
1118,157156.80000000002
1119,153429.0
1120,143792.0
1121,163715.9
1122,150828.1
1123,159978.4
1124,165945.0
1125,159427.5
1126,147376.0
1127,154222.0
1128,159689.0
1129,147372.0
1130,145511.0
1131,158822.0
1132,144541.0
1133,155179.6
1134,157500.1
1135,146591.7
1136,161139.69999999998
1137,145337.0
1138,148167.0
1139,154469.7
1140,147916.2
1141,144865.9
1142,140548.2
1143,146732.9
1144,148892.0
1145,154005.8
1146,157388.7
1147,149307.4
1148,146128.0
1149,149391.0
1150,146984.2
1151,155890.4
1152,144348.6
1153,154867.5
1154,148676.8
1155,156598.19999999998
1156,150353.5
1157,157609.0
1158,155315.0
1159,156868.0
1160,149634.5
1161,155345.0
1162,150704.0
1163,157027.4
1164,156669.0
1165,155879.9
1166,138635.0
1167,148296.0
1168,164116.3
1169,147525.0
1170,139165.6
1171,142138.3
1172,140813.40000000002
1173,151066.90000000002
1174,159709.2
1175,156969.6
1176,154200.5
1177,146991.0
1178,159181.7
1179,165945.9
1180,144003.0
1181,154248.0
1182,154657.0
1183,150432.6
1184,155837.1
1185,147428.5
1186,155903.0
1187,141815.80000000002
1188,143280.2
1189,149466.2
1190,143669.4
1191,157220.8
1192,159907.1
1193,155293.2
1194,153369.2
1195,149706.0
1196,157671.7
1197,151583.40000000002
1198,159267.8
1199,160424.3
1200,145996.8
1201,157689.4
1202,157550.6
1203,147611.80000000002
1204,154643.19999999998
1205,159523.0
1206,159796.5
1207,161436.0
1208,157333.7
1209,151158.5
1210,162938.9
1211,148415.3
1212,145045.0
1213,158651.6
1214,152457.8
1215,154940.5
1216,145519.0
1217,158516.30000000002
1218,153655.0
1219,160375.0
1220,145993.0
1221,153257.30000000002
1222,157119.5
1223,147632.0
1224,151081.69999999998
1225,153694.0
1226,145167.8
1227,143506.3
1228,148549.1
1229,146115.0
1230,150187.9
1231,153521.0
1232,146824.0
1233,151694.3
1234,142030.09999999998
1235,164041.3
1236,153470.8
1237,148199.19999999998
1238,156995.7
1239,162518.09999999998
1240,141471.7
1241,156033.5
1242,144488.0
1243,158694.5
1244,156011.0
1245,156895.6
1246,147746.0
1247,151629.0
1248,146984.8
1249,147938.0
1250,154132.0
1251,139210.0
1252,150877.0
1253,147035.0
1254,151436.0
1255,151305.0
1256,145434.0
1257,148762.0
1258,146451.7
1259,146585.6
1260,150281.8
1261,151531.0
1262,155437.0
1263,141681.0
1264,158735.0
1265,146165.0
1266,146948.0
1267,135339.0
1268,145819.0
1269,154364.0
1270,139129.0
1271,138073.0
1272,144790.1
1273,145928.0
1274,156514.8
1275,162896.0
1276,148943.5
1277,163072.2
1278,150579.90000000002
1279,152881.6
1280,157000.0
1281,170589.19999999998
1282,145368.8
1283,152071.0
1284,150283.80000000002
1285,146269.3
1286,153085.0
1287,162851.4
1288,157691.7
1289,155347.8
1290,160385.3
1291,158697.0
1292,149305.2
1293,147010.69999999998
1294,153796.8
1295,151060.69999999998
1296,151617.1
1297,144315.80000000002
1298,146526.50000000003
1299,165816.3
1300,157494.69999999998
1301,160989.90000000002
1302,147902.4
1303,154929.1
1304,154483.19999999998
1305,158464.3
1306,166972.9
1307,156530.9
1308,164614.00000000003
1309,164661.5
1310,157956.80000000002
1311,165555.6
1312,154937.0
1313,152952.40000000002
1314,151978.40000000002
1315,154831.0
1316,142288.3
1317,150160.8
1318,140164.90000000002
1319,151668.3
1320,156594.7
1321,154020.8
1322,152198.59999999998
1323,149465.0
1324,153502.3
1325,161836.2
1326,163292.80000000002
1327,160498.1
1328,167015.0
1329,157799.0
1330,144800.3
1331,152512.0
1332,141685.0
1333,152178.0
1334,157220.0
1335,149606.00000000003
1336,162890.0
1337,151392.4
1338,161909.0
1339,165262.4
1340,152812.0
1341,155818.0
1342,157014.0
1343,150607.7
1344,161154.0
1345,160538.3
1346,158869.0
1347,173635.0
1348,136851.3
1349,153852.9
1350,150708.0
1351,151490.0
1352,154855.0
1353,165100.0
1354,165865.0
1355,160669.4
1356,147350.0
1357,152870.0
1358,129163.5
1359,151999.0
1360,154015.0
1361,161233.0
1362,152675.0
1363,157845.0
1364,154428.0
1365,164942.0
1366,134111.1
1367,142555.0
1368,157954.0
1369,140911.0
1370,144529.7
1371,147464.0
1372,153297.0
1373,147410.6
1374,151334.3
1375,147998.9
1376,144787.49999999997
1377,148250.3
1378,159038.9
1379,148030.5
1380,156467.1
1381,143924.09999999998
1382,154305.0
1383,147060.90000000002
1384,152920.09999999998
1385,146972.0
1386,155569.1
1387,149380.19999999998
1388,142208.0
1389,147382.9
1390,145562.0
1391,145381.0
1392,150627.3
1393,161039.0
1394,145874.6
1395,156941.0
1396,160450.7
1397,158531.4
1398,155784.9
1399,151050.0
1400,149954.8
1401,154069.5
1402,146244.7
1403,147611.4
1404,154342.9
1405,143065.4
1406,147202.0
1407,168014.0
1408,154784.4
1409,159553.6
1410,153975.0
1411,151349.0
1412,149944.3
1413,157040.2
1414,159084.09999999998
1415,152724.3
1416,143284.59999999998
1417,151187.0
1418,154683.6
1419,141523.3
1420,147775.0
1421,145825.0
1422,153881.9
1423,152658.0
1424,149072.0
1425,143007.0
1426,145886.0
1427,147271.0
1428,141932.2
1429,148959.0
1430,138814.8
1431,145128.0
1432,131792.0
1433,137823.2
1434,139738.0
1435,140185.0
1436,139663.6
1437,144622.0
1438,152482.0
1439,139583.0
1440,159949.0
1441,164605.7
1442,158030.0
1443,163495.0
1444,152426.4
1445,151586.0
1446,146736.0
1447,143660.0
1448,160774.0
1449,156357.7
1450,157886.0
1451,154243.0
1452,162000.0
1453,151435.0
1454,147600.0
1455,145063.0
1456,148610.0
1457,148638.0
1458,137579.8
1459,148795.0
1460,147436.0
1461,153800.0
1462,147338.0
1463,152045.0
1464,158249.0
1465,154273.0
1466,151914.0
1467,154514.0
1468,153109.0
1469,158270.0
1470,148884.0
1471,153965.4
1472,147006.0
1473,143882.0
1474,153080.0
1475,148385.0
1476,145265.0
1477,154857.0
1478,149012.0
1479,160479.0
1480,150834.0
1481,163544.0
1482,147763.0
1483,158974.0
1484,156383.0
1485,149807.0
1486,161775.0
1487,155663.0
1488,155533.0
1489,150234.0
1490,144129.0
1491,144918.0
1492,146145.0
1493,155358.0
1494,145280.0
1495,153040.0
1496,141132.0
1497,159746.0
1498,152244.0
1499,156678.0
1500,149248.0
1501,154365.0
1502,156039.0
1503,157131.0
1504,158128.7
1505,158395.0
1506,148131.80000000002
1507,155860.0
1508,153471.0
1509,147391.0
1510,157122.0
1511,152582.0
1512,150022.0
1513,148092.2
1514,157204.0
1515,147721.0
1516,147322.0
1517,147953.0
1518,149488.0
1519,151274.2
1520,159560.0
1521,159584.0
1522,156152.0
1523,140564.0
1524,152269.0
1525,156775.0
1526,144257.0
1527,157516.0
1528,143893.0
1529,150945.8
1530,148558.0
1531,152014.0
1532,164261.0
1533,158470.0
1534,152414.0
1535,159696.7
1536,149137.0
1537,157355.0
1538,146208.7
1539,156724.0
1540,145001.0
1541,149420.0
1542,156790.0
1543,157691.0
1544,155403.0
1545,151957.0
1546,150890.0
1547,148570.1
1548,159174.9
1549,148278.0
1550,152778.0
1551,166427.0
1552,150982.0
1553,152147.0
1554,155285.0
1555,147250.0
1556,144320.0
1557,153087.0
1558,151609.0
1559,139763.0
1560,145051.0
1561,152842.0
1562,143763.0
1563,137949.0
1564,151415.0
1565,145749.0
1566,140083.0
1567,159950.0
1568,142439.0
1569,160151.0
1570,153369.0
1571,155753.0
1572,143208.0
1573,158656.0
1574,161592.0
1575,151401.0
1576,152999.0
1577,154138.0
1578,162456.0
1579,158873.0
1580,153902.0
1581,147247.0
1582,139455.0
1583,152575.0
1584,152718.0
1585,143033.0
1586,157708.0
1587,145988.0
1588,139221.3
1589,152364.0
1590,136846.0
1591,157724.2
1592,146082.0
1593,147228.0
1594,147414.0
1595,152297.8
1596,149418.8
1597,149941.0
1598,144378.0
1599,144351.0
1600,146641.4
1601,138950.0
1602,148075.7
1603,145932.9
1604,147640.0
1605,151078.0
1606,129592.30000000002
1607,158589.0
1608,160647.6
1609,149415.0
1610,149565.0
1611,147392.0
1612,147622.0
1613,149022.0
1614,151311.0
1615,155910.0
1616,149188.0
1617,144674.0
1618,159805.0
1619,154869.0
1620,154016.0
1621,151085.0
1622,154168.0
1623,145990.0
1624,151614.0
1625,149042.0
1626,149713.0
1627,147273.0
1628,146781.9
1629,152326.6
1630,148791.0
1631,136296.4
1632,147266.3
1633,150029.8
1634,143944.0
1635,148907.3
1636,150633.0
1637,156353.3
1638,139349.9
1639,156327.0
1640,145802.8
1641,149065.1
1642,154738.9
1643,158102.0
1644,134626.6
1645,141753.8
1646,150559.9
1647,153275.2
1648,155066.99999999997
1649,151869.4
1650,150546.4
1651,152408.0
1652,151445.9
1653,158898.0
1654,157362.0
1655,154613.7
1656,153805.8
1657,150161.0
1658,144423.7
1659,139367.90000000002
1660,133913.0
1661,166127.2
1662,140864.4
1663,134857.0
1664,157316.0
1665,148944.8
1666,149824.9
1667,143116.0
1668,139951.0
1669,160872.0
1670,151726.6
1671,157686.0
1672,146448.8
1673,161553.4
1674,147136.0
1675,152305.0
1676,150651.0
1677,147515.7
1678,152680.0
1679,144954.4
1680,156830.0
1681,149563.0
1682,144833.0
1683,156139.4
1684,150446.0
1685,152366.2
1686,158101.2
1687,145972.0
1688,152810.6
1689,154038.9
1690,143433.0
1691,144630.1
1692,157354.69999999998
1693,129277.0
1694,152861.0
1695,146201.3
1696,145222.0
1697,149532.4
1698,145561.0
1699,150532.0
1700,153923.0
1701,148183.0
1702,145542.9
1703,155625.0
1704,157366.0
1705,148803.3
1706,138914.4
1707,152909.9
1708,153671.3
1709,152308.0
1710,152224.9
1711,148125.0
1712,152077.3
1713,159804.2
1714,132268.1
1715,143019.9
1716,166471.0
1717,148694.0
1718,159344.7
1719,142643.1
1720,146737.0
1721,152703.0
1722,144034.0
1723,143801.0
1724,147189.8
1725,148150.7
1726,149189.9
1727,145817.69999999998
1728,154684.0
1729,145031.8
1730,154551.5
1731,152997.7
1732,149339.2
1733,161830.0
1734,151987.0
1735,151964.3
1736,142813.9
1737,155593.5
1738,148546.0
1739,148594.7
1740,141108.9
1741,142940.9
1742,143393.0
1743,161254.0
1744,158826.0
1745,148596.6
1746,146186.0
1747,152144.0
1748,129102.0
1749,146231.0
1750,144118.0
1751,137350.0
1752,143713.0
1753,147398.80000000002
1754,141725.4
1755,132664.0
1756,159224.0
1757,150913.0
1758,154374.0
1759,154993.0
1760,162806.9
1761,152694.0
1762,150374.0
1763,152378.0
1764,151065.0
1765,149867.7
1766,156151.2
1767,160355.0
1768,145912.0
1769,152453.2
1770,152679.0
1771,154534.0
1772,167220.3
1773,147190.5
1774,153137.0
1775,161350.0
1776,159060.0
1777,150388.0
1778,170067.0
1779,167555.0
1780,162520.0
1781,151159.0
1782,158547.0
1783,155211.0
1784,154499.0
1785,146973.0
1786,152170.0
1787,149278.0
1788,151817.0
1789,151760.0
1790,166024.0
1791,146086.4
1792,151311.7
1793,153143.0
1794,150119.0
1795,158371.0
1796,147851.0
1797,150940.0
1798,146313.0
1799,147892.0
1800,156499.0
1801,162456.0
1802,152000.0
1803,161241.0
1804,140885.0
1805,150778.0
1806,150789.0
1807,142741.0
1808,160014.0
1809,161375.7
1810,143324.0
1811,160007.0
1812,146595.0
1813,151971.0
1814,157198.0
1815,150181.0
1816,156151.0
1817,145098.0
1818,159639.0
1819,161881.0
1820,141948.3
1821,155248.0
1822,151961.0
1823,153794.0
1824,153621.0
1825,152850.0
1826,148704.0
1827,152634.7
1828,146591.0
1829,149390.0
1830,156127.5
1831,153618.0
1832,151316.0
1833,158244.0
1834,156048.0
1835,153758.0
1836,157485.3
1837,153944.0
1838,149453.0
1839,158064.0
1840,148124.0
1841,151926.0
1842,151553.0
1843,148581.0
1844,150764.0
1845,158206.0
1846,149983.0
1847,160278.0
1848,149462.0
1849,152492.0
1850,154068.0
1851,144117.0
1852,149027.0
1853,163178.0
1854,151679.0
1855,139825.0
1856,134889.0
1857,148682.7
1858,147118.0
1859,146660.0
1860,155536.0
1861,145615.0
1862,139123.0
1863,142729.0
1864,152888.0
1865,152273.0
1866,149048.0
1867,150952.0
1868,154409.0
1869,145541.0
1870,149446.0
1871,141932.0
1872,146187.0
1873,153720.0
1874,151308.0
1875,139314.0
1876,144855.2
1877,148788.0
1878,146627.0
1879,153710.0
1880,150140.0
1881,153617.0
1882,149702.0
1883,154506.0
1884,152283.0
1885,153642.8
1886,150594.0
1887,157474.0
1888,160635.0
1889,142495.0
1890,149308.0
1891,143213.0
1892,155226.0
1893,151902.0
1894,159767.0
1895,153160.0
1896,155089.0
1897,144950.0
1898,157848.0
1899,152098.0
1900,149158.0
1901,148116.0
1902,146571.0
1903,150399.0
1904,145757.0
1905,143825.0
1906,149807.0
1907,154387.0
1908,147122.4
1909,155609.3
1910,151083.0
1911,160280.1
1912,151512.0
1913,163898.0
1914,154171.0
1915,146191.0
1916,151238.0
1917,157158.0
1918,153370.0
1919,144224.0
1920,143005.0
1921,155614.0
1922,154119.0
1923,144155.1
1924,144655.0
1925,156002.0
1926,159525.0
1927,162591.0
1928,144100.0
1929,163850.0
1930,161380.0
1931,152078.0
1932,155799.0
1933,158248.0
1934,162857.0
1935,161195.0
1936,156753.0
1937,157186.8
1938,150717.3
1939,162138.6
1940,154293.9
1941,149519.69999999998
1942,160135.0
1943,150354.7
1944,154257.90000000002
1945,161953.4
1946,158601.0
1947,145926.99999999997
1948,144538.5
1949,149450.2
1950,149459.3
1951,145082.4
1952,151688.9
1953,159653.80000000002
1954,162885.39999999997
1955,163734.59999999998
1956,157682.30000000002
1957,151302.1
1958,149727.30000000002
1959,151801.0
1960,154723.5
1961,153157.0
1962,162245.69999999998
1963,151567.0
1964,157779.9
1965,158297.9
1966,171735.8
1967,157875.59999999998
1968,144972.19999999998
1969,148290.0
1970,157079.3
1971,154716.0
1972,149161.3
1973,144496.6
1974,148320.0
1975,161259.0
1976,147865.0
1977,150840.0
1978,144607.4
1979,146325.0
1980,149365.0
1981,136626.0
1982,145096.0
1983,137879.0
1984,154077.0
1985,154903.0
1986,148310.0
1987,143918.8
1988,142129.4
1989,139819.0
1990,153670.0
1991,133182.0
1992,156162.0
1993,164815.0
1994,143153.7
1995,147245.1
1996,147236.1
1997,142887.0
1998,147284.0
1999,153558.0
2000,152658.0
2001,149286.0
2002,148864.0
2003,148488.0
2004,157602.0
2005,138885.0
2006,152083.0
2007,156197.0
2008,149734.0
2009,136219.0
2010,145951.0
2011,143673.0
2012,150830.0
2013,146637.0
2014,147400.0
2015,146247.0
2016,144649.7
2017,150021.2
2018,145849.0
2019,153314.0
2020,163137.0
2021,148423.0
2022,144049.0
2023,152752.0
2024,155049.0
2025,151153.0
2026,162677.0
2027,151300.0
2028,152468.0
2029,162282.0
2030,147180.0
2031,164352.0
2032,164350.0
2033,142013.0
2034,161385.0
2035,158220.0
2036,149611.0
2037,148732.8
2038,153981.0
2039,159111.0
2040,166981.0
2041,150622.0
2042,158584.0
2043,148871.0
2044,147084.0
2045,154110.0
2046,156269.0
2047,152874.0
2048,154329.0
2049,167056.0
2050,142575.0
2051,153575.0
2052,150464.0
2053,163725.0
2054,152633.0
2055,151107.4
2056,146153.2
2057,163823.0
2058,143488.0
2059,147457.0
2060,138740.4
2061,140297.1
2062,130506.79999999999
2063,148464.4
2064,156709.1
2065,155386.4
2066,156787.6
2067,162012.0
2068,154753.0
2069,144747.0
2070,150106.0
2071,164752.2
2072,153058.3
2073,149117.0
2074,158108.0
2075,149903.0
2076,145750.0
2077,151684.0
2078,161206.0
2079,157305.8
2080,156922.0
2081,158493.0
2082,151393.0
2083,155207.0
2084,140247.0
2085,162341.0
2086,153615.0
2087,148803.0
2088,147583.0
2089,144769.0
2090,156819.0
2091,151174.0
2092,156287.3
2093,157100.0
2094,145570.0
2095,154362.0
2096,150553.0
2097,150099.0
2098,147693.0
2099,141175.0
2100,150858.0
2101,162927.0
2102,139860.0
2103,143839.0
2104,138342.0
2105,147877.0
2106,151764.0
2107,145700.0
2108,150159.0
2109,142510.0
2110,153816.8
2111,137365.0
2112,149751.0
2113,146964.0
2114,145231.3
2115,150141.0
2116,142767.0
2117,150814.0
2118,141164.0
2119,141922.1
2120,161497.1
2121,155082.9
2122,154290.5
2123,153638.2
2124,146151.5
2125,134941.7
2126,141268.9
2127,149371.40000000002
2128,153885.6
2129,146600.4
2130,162340.4
2131,155188.9
2132,161495.0
2133,164719.8
2134,151115.6
2135,165276.8
2136,160534.7
2137,153935.2
2138,145707.0
2139,156949.6
2140,156205.80000000002
2141,153003.9
2142,139026.69999999998
2143,158725.69999999998
2144,145970.0
2145,144712.5
2146,162127.6
2147,149043.40000000002
2148,142282.6
2149,158763.99999999997
2150,140197.90000000002
2151,154396.90000000002
2152,149287.0
2153,154994.4
2154,141213.40000000002
2155,150365.9
2156,152859.20000000004
2157,148814.9
2158,149735.40000000002
2159,152231.3
2160,159388.4
2161,153538.1
2162,155332.30000000002
2163,150752.09999999998
2164,153022.69999999998
2165,162626.3
2166,149237.6
2167,147263.6
2168,146900.2
2169,156731.0
2170,145920.4
2171,152916.3
2172,149719.3
2173,135694.3
2174,148281.69999999998
2175,158923.5
2176,149115.7
2177,142201.0
2178,149126.7
2179,153521.0
2180,140943.6
2181,154202.0
2182,149885.0
2183,146111.8
2184,143965.1
2185,165456.30000000002
2186,157260.3
2187,155339.7
2188,160756.0
2189,144418.9
2190,143728.0
2191,147538.0
2192,142665.0
2193,150696.0
2194,148287.7
2195,154601.0
2196,153600.0
2197,154061.0
2198,144171.6
2199,140456.0
2200,146300.0
2201,152274.0
2202,142041.0
2203,148365.2
2204,152918.0
2205,163201.0
2206,146051.0
2207,146220.7
2208,152404.4
2209,146703.7
2210,160941.09999999998
2211,156842.9
2212,147851.1
2213,157326.5
2214,151341.6
2215,150259.0
2216,143078.2
2217,160919.80000000002
2218,141100.2
2219,161623.09999999998
2220,150879.3
2221,158629.50000000003
2222,158846.19999999998
2223,150913.6
2224,152211.0
2225,151062.9
2226,150937.0
2227,159662.0
2228,151379.0
2229,143151.0
2230,161039.5
2231,156808.8
2232,147065.1
2233,144286.8
2234,156244.0
2235,157245.5
2236,152181.4
2237,154522.0
2238,150327.4
2239,145690.0
2240,155177.0
2241,156603.99999999997
2242,160450.4
2243,147999.2
2244,159270.9
2245,149255.80000000002
2246,157979.99999999997
2247,153523.1
2248,141617.8
2249,155373.6
2250,150282.2
2251,152025.59999999998
2252,155370.3
2253,156525.8
2254,154030.4
2255,141274.2
2256,159959.0
2257,157933.19999999998
2258,135493.0
2259,153904.40000000002
2260,156488.5
2261,156513.99999999997
2262,159392.69999999998
2263,158480.0
2264,157655.8
2265,142140.49999999997
2266,155110.19999999998
2267,153429.9
2268,149173.9
2269,148875.2
2270,156245.6
2271,145624.09999999998
2272,157346.0
2273,152503.3
2274,137653.0
2275,151090.3
2276,144856.4
2277,149120.6
2278,160296.8
2279,141152.3
2280,141795.40000000002
2281,141500.0
2282,167059.0
2283,147241.0
2284,153235.5
2285,152029.0
2286,146085.1
2287,160488.2
2288,151325.7
2289,140723.0
2290,143088.0
2291,138676.4
2292,154402.0
2293,152160.0
2294,149626.0
2295,146317.0
2296,146347.8
2297,158446.3
2298,145171.80000000002
2299,140694.0
2300,145686.4
2301,153960.3
2302,150140.5
2303,150484.30000000002
2304,155400.0
2305,156925.5
2306,157357.4
2307,154709.3
2308,143949.4
2309,143285.1
2310,152849.7
2311,145539.0
2312,151070.5
2313,157132.8
2314,143003.0
2315,159371.0
2316,146843.3
2317,152110.0
2318,152182.8
2319,154697.3
2320,138370.7
2321,150666.5
2322,141358.0
2323,152555.5
2324,161270.59999999998
2325,162722.19999999998
2326,151547.80000000002
2327,155244.9
2328,142373.0
2329,166362.6
2330,154999.0
2331,149853.8
2332,156653.0
2333,159822.7
2334,159476.0
2335,146729.3
2336,161251.0
2337,144153.3
2338,156240.8
2339,148499.3
2340,157590.09999999998
2341,139033.69999999998
2342,152470.0
2343,149603.1
2344,141820.7
2345,150468.3
2346,139917.9
2347,141391.8
2348,139112.59999999998
2349,158282.5
2350,152706.19999999998
2351,149036.8
2352,138494.0
2353,150239.09999999998
2354,147146.3
2355,155333.1
2356,147649.2
2357,140271.1
2358,149961.2
2359,144019.2
2360,164304.3
2361,153430.30000000002
2362,161870.2
2363,149670.7
2364,150225.8
2365,154521.19999999998
2366,156927.6
2367,147259.2
2368,151188.0
2369,167185.2
2370,155581.8
2371,150833.6
2372,154459.6
2373,152880.3
2374,148889.0
2375,153179.9
2376,150009.4
2377,156484.1
2378,156119.8
2379,143528.3
2380,145758.0
2381,153213.0
2382,153624.0
2383,144682.0
2384,150581.0
2385,149300.0
2386,146023.0
2387,152568.0
2388,151171.8
2389,149813.0
2390,142415.0
2391,151262.0
2392,154795.0
2393,140485.0
2394,135417.9
2395,148907.0
2396,156798.0
2397,161605.0
2398,148029.0
2399,157853.0
2400,143645.0
2401,151451.0
2402,155659.0
2403,142733.0
2404,158251.0
2405,144231.0
2406,162250.0
2407,152933.0
2408,157532.0
2409,160598.0
2410,166578.0
2411,157310.0
2412,165541.0
2413,148994.0
2414,147722.3
2415,160684.0
2416,156584.0
2417,155470.0
2418,152171.0
2419,150321.0
2420,155447.0
2421,146143.0
2422,146193.0
2423,154816.0
2424,151881.0
2425,140072.5
2426,141114.40000000002
2427,137999.4
2428,160167.0
2429,148915.0
2430,152128.0
2431,162033.0
2432,154536.0
2433,150827.0
2434,141603.0
2435,151622.0
2436,148255.0
2437,155008.0
2438,152811.3
2439,154677.0
2440,141410.7
2441,149056.0
2442,146314.0
2443,146413.2
2444,137089.0
2445,140612.0
2446,149838.0
2447,146525.0
2448,148359.3
2449,139732.7
2450,144455.0
2451,150831.0
2452,150028.6
2453,147190.0
2454,138237.0
2455,142421.0
2456,148722.8
2457,134983.8
2458,134037.9
2459,149658.0
2460,138970.9
2461,131816.6
2462,148777.0
2463,148808.0
2464,148410.1
2465,139853.1
2466,154613.0
2467,160161.8
2468,149086.0
2469,151702.0
2470,160741.0
2471,161236.0
2472,144946.0
2473,147613.0
2474,146171.0
2475,138186.0
2476,146104.9
2477,139800.0
2478,147207.0
2479,156560.0
2480,148854.0
2481,138195.7
2482,149712.0
2483,155462.0
2484,149993.0
2485,155122.3
2486,148214.9
2487,161090.0
2488,162545.9
2489,159163.0
2490,146892.0
2491,150423.7
2492,156938.0
2493,168110.0
2494,132675.0
2495,156747.0
2496,157695.5
2497,156022.0
2498,150349.5
2499,140519.0
2500,151177.0
2501,147388.0
2502,147842.0
2503,145830.1
2504,151435.4
2505,150604.19999999995
2506,151640.5
2507,146289.0
2508,161413.6
2509,161917.2
2510,152875.3
2511,147020.4
2512,163950.7
2513,152264.0
2514,154502.2
2515,145267.40000000002
2516,151096.2
2517,159530.0
2518,140667.2
2519,158674.0
2520,147661.0
2521,140211.9
2522,156475.9
2523,155550.2
2524,145007.1
2525,147304.6
2526,159596.6
2527,140037.80000000002
2528,146608.0
2529,152789.8
2530,154385.0
2531,154611.2
2532,141045.0
2533,162296.0
2534,151481.0
2535,145381.0
2536,149887.7
2537,151280.6
2538,151656.0
2539,161167.8
2540,155997.0
2541,154986.0
2542,147021.0
2543,141132.0
2544,144428.0
2545,145785.0
2546,146110.0
2547,160582.0
2548,158932.0
2549,144048.0
2550,141838.09999999998
2551,152463.49999999997
2552,149697.3
2553,160709.4
2554,153825.69999999998
2555,153100.0
2556,158036.0
2557,141829.0
2558,147128.8
2559,156698.40000000002
2560,142246.8
2561,155166.0
2562,156906.0
2563,156604.0
2564,153228.0
2565,154322.7
2566,155329.0
2567,143440.4
2568,149897.7
2569,146546.0
2570,155042.0
2571,159238.0
2572,160858.0
2573,142678.3
2574,140068.0
2575,144435.0
2576,150234.0
2577,149022.9
2578,144710.0
2579,149757.7
2580,152790.0
2581,149637.0
2582,158663.0
2583,159945.0
2584,156070.8
2585,146822.0
2586,144155.1
2587,135420.5
2588,135168.0
2589,153868.0
2590,153966.3
2591,155684.0
2592,151800.0
2593,154092.0
2594,156525.0
2595,161126.0
2596,145888.0
2597,150962.0
2598,157848.0
2599,138212.00000000003
2600,147427.0
2601,154670.0
2602,151399.0
2603,145357.0
2604,149880.0
2605,155095.0
2606,145205.0
2607,151662.0
2608,148317.0
2609,148952.0
2610,150863.0
2611,154700.0
2612,142607.0
2613,150039.0
2614,149559.40000000002
2615,146431.0
2616,150184.0
2617,147108.0
2618,147703.2
2619,141445.2
2620,147538.0
2621,128073.30000000002
2622,140668.2
2623,151443.0
2624,149342.5
2625,149930.9
2626,156268.6
2627,147141.9
2628,144552.0
2629,131828.30000000002
2630,154027.2
2631,137546.0
2632,152033.7
2633,150656.0
2634,148635.0
2635,148004.1
2636,155246.8
2637,152572.0
2638,144315.1
2639,148226.19999999998
2640,150185.2
2641,155410.3
2642,150257.1
2643,154118.0
2644,156738.5
2645,153486.0
2646,129514.09999999999
2647,147727.1
2648,139011.9
2649,138235.4
2650,140883.2
2651,144595.8
2652,147459.8
2653,151430.1
2654,152051.69999999998
2655,159859.29999999996
2656,164935.5
2657,147454.4
2658,158284.4
2659,161986.30000000002
2660,165359.0
2661,158659.0
2662,162712.9
2663,147909.3
2664,160645.5
2665,161587.4
2666,158881.2
2667,169366.59999999998
2668,153478.19999999998
2669,148834.7
2670,155670.8
2671,152320.30000000002
2672,141928.5
2673,153831.5
2674,152758.8
2675,153992.69999999998
2676,146488.7
2677,145596.1
2678,152281.40000000002
2679,140633.1
2680,149627.0
2681,144683.9
2682,139902.4
2683,147761.19999999998
2684,147160.69999999998
2685,155254.2
2686,160139.30000000002
2687,145935.7
2688,146181.90000000002
2689,147736.8
2690,154624.80000000002
2691,156460.7
2692,156028.9
2693,150809.5
2694,159811.0
2695,155473.0
2696,146181.90000000002
2697,150406.5
2698,161502.5
2699,159330.0
2700,155637.59999999998
2701,159826.9
2702,160282.0
2703,167009.0
2704,145550.0
2705,164215.0
2706,141327.0
2707,157435.6
2708,153027.4
2709,143717.3
2710,156320.3
2711,157378.0
2712,154421.8
2713,157378.0
2714,152062.0
2715,148278.6
2716,140589.6
2717,137262.0
2718,156312.6
2719,153426.0
2720,159438.4
2721,150949.7
2722,147830.4
2723,153712.8
2724,164436.19999999998
2725,148944.0
2726,148555.0
2727,155378.0
2728,150633.0
2729,159984.0
2730,163421.0
2731,158202.0
2732,157301.0
2733,151833.0
2734,145645.0
2735,150622.0
2736,140643.5
2737,151753.0
2738,155512.5
2739,145220.0
2740,153052.4
2741,153878.6
2742,156680.9
2743,162260.0
2744,140764.80000000002
2745,152472.8
2746,157701.0
2747,146870.69999999998
2748,151249.5
2749,155197.0
2750,137324.2
2751,155084.8
2752,143609.1
2753,160557.1
2754,164172.0
2755,150176.0
2756,154469.09999999998
2757,156378.1
2758,147567.7
2759,168456.0
2760,146841.0
2761,148167.4
2762,156865.0
2763,158944.0
2764,147965.7
2765,156541.0
2766,149754.2
2767,159481.7
2768,144934.5
2769,151476.0
2770,146204.7
2771,157904.0
2772,151847.0
2773,150981.0
2774,161160.3
2775,136857.0
2776,155073.4
2777,147298.90000000002
2778,163631.6
2779,153783.4
2780,160001.0
2781,151229.9
2782,146819.0
2783,164829.00000000003
2784,154032.0
2785,159217.7
2786,150092.5
2787,160083.6
2788,148731.6
2789,147724.2
2790,153470.2
2791,146184.30000000002
2792,139987.5
2793,152251.1
2794,158344.8
2795,152385.9
2796,146003.9
2797,151322.60000000003
2798,162769.1
2799,161010.6
2800,150981.9
2801,156744.6
2802,160808.8
2803,154746.5
2804,165223.8
2805,156678.90000000002
2806,153878.30000000002
2807,150941.80000000002
2808,140348.0
2809,148895.7
2810,153396.90000000002
2811,149096.2
2812,162781.7
2813,152361.69999999998
2814,151904.6
2815,155773.1
2816,145171.6
2817,153305.9
2818,148680.69999999998
2819,151009.1
2820,155200.40000000002
2821,158809.00000000003
2822,155261.2
2823,147144.3
2824,157682.0
2825,151685.1
2826,155131.3
2827,138990.9
2828,147840.9
2829,154888.0
2830,154392.3
2831,151983.9
2832,154739.80000000002
2833,150395.1
2834,154356.5
2835,151485.7
2836,160982.1
2837,147973.69999999998
2838,155334.0
2839,144761.6
2840,147982.2
2841,138912.4
2842,140704.5
2843,152793.3
2844,140597.0
2845,137182.0
2846,140066.6
2847,133620.0
2848,135894.0
2849,143126.0
2850,139258.0
2851,144967.0
2852,144441.0
2853,154918.6
2854,168818.7
2855,136415.0
2856,152019.0
2857,148238.0
2858,141814.5
2859,148009.0
2860,144976.4
2861,150660.7
2862,156472.6
2863,142680.6
2864,155340.8
2865,154165.0
2866,149262.0
2867,152615.0
2868,156525.7
2869,136979.0
2870,143008.8
2871,144769.2
2872,138945.0
2873,157171.0
2874,154643.7
2875,150293.1
2876,141114.0
2877,150882.6
2878,153023.7
2879,153688.0
2880,159145.3
2881,170128.2
2882,155879.3
2883,152405.7
2884,157824.59999999998
2885,148605.0
2886,149364.8
2887,149617.9
2888,161074.0
2889,149516.2
2890,147021.09999999998
2891,161193.6
2892,152388.0
2893,156228.6
2894,144197.1
2895,152396.1
2896,146887.1
2897,157733.7
2898,162882.3
2899,160920.0
2900,157837.0
2901,156412.09999999998
2902,147739.5
2903,143051.2
2904,162812.0
2905,152756.0
2906,151681.0
2907,152515.30000000002
2908,156464.0
2909,160449.7
2910,156933.5
2911,141925.30000000002
2912,151263.5
2913,153734.5
2914,160340.7
2915,159698.3
2916,162388.0
2917,154258.9
2918,149903.7
2919,156381.0
2920,151251.4
2921,145090.5
2922,146803.2
2923,147029.30000000002
2924,155086.6
2925,159973.40000000002
2926,152084.0
2927,157012.69999999998
2928,152251.5
2929,150960.5
2930,150332.0
2931,150084.0
2932,148615.5
2933,160252.0
2934,150455.7
2935,153538.8
2936,159069.4
2937,151616.6
2938,150275.1
2939,159013.2
2940,157105.3
2941,143909.8
2942,147051.6
2943,155147.3
2944,147401.5
2945,148451.0
2946,150380.9
2947,152405.2
2948,158900.9
2949,165408.0
2950,150373.6
2951,159292.0
2952,152020.6
2953,148001.0
2954,140541.0
2955,145590.8
2956,156976.0
2957,139932.90000000002
2958,146871.0
2959,149937.4
2960,143062.1
2961,150702.4
2962,155659.4
2963,160502.7
2964,139307.0
2965,146685.59999999998
2966,147247.0
2967,161765.8
2968,153326.8
2969,147250.1
2970,148590.0
2971,159972.4
2972,145441.0
2973,149879.1
2974,153996.1
2975,141624.4
2976,151059.0
2977,142307.3
2978,152323.8
2979,152513.0
2980,151633.0
2981,149623.0
2982,150195.8
2983,143517.0
2984,144962.3
2985,143295.6
2986,147764.0
2987,145033.6
2988,157002.0
2989,161454.0
2990,147406.7
2991,132720.9
2992,148137.0
2993,144714.0
2994,152125.0
2995,155150.8
2996,151348.3
2997,150582.5
2998,161614.4
2999,156901.2
